name,type,state,region,place,year,description,overview,tags,latitude,longitude,cover_image
Panighat Aqueduct,Dam,Andaman and Nicobar Islands,Islands,South Andamans,Built during British period,Dam heritage site in South Andamans listed among India's Water Heritage Sites.,Panighat Aqueduct is listed in the Ministry of Jal Shakti's 75 Water Heritage Structures identified through the Jal-Itihas initiative. The published record classifies it as a Dam in South Andamans and dates it to Built during British period.,Water heritage; Dam; Water management,,,
K. C. Canal Aqueduct across Handri River,Others,Andhra Pradesh,South India,Kurnool,19th century,Others heritage site in Kurnool listed among India's Water Heritage Sites.,K. C. Canal Aqueduct across Handri River is listed in the Ministry of Jal Shakti's 75 Water Heritage Structures identified through the Jal-Itihas initiative. The published record classifies it as a Others in Kurnool and dates it to 19th century.,Water heritage; Water infrastructure; Historical engineering,,,
Sir Arthur Cotton Barrage (Dowleshwaram Anicut),Dam,Andhra Pradesh,South India,East Godavari,1852,Dam heritage site in East Godavari listed among India's Water Heritage Sites.,Sir Arthur Cotton Barrage (Dowleshwaram Anicut) is listed in the Ministry of Jal Shakti's 75 Water Heritage Structures identified through the Jal-Itihas initiative. The published record classifies it as a Dam in East Godavari and dates it to 1852.,Water heritage; Dam; Water management,,,
Porumamilla Tank (Anantharaja Sagaram),Tank,Andhra Pradesh,South India,Kadapa,1369,Tank heritage site in Kadapa listed among India's Water Heritage Sites.,Porumamilla Tank (Anantharaja Sagaram) is listed in the Ministry of Jal Shakti's 75 Water Heritage Structures identified through the Jal-Itihas initiative. The published record classifies it as a Tank in Kadapa and dates it to 1369.,Water heritage; Tank; Water storage,,,
Cumbum Tank,Tank,Andhra Pradesh,South India,Prakasam,1522–1524,Tank heritage site in Prakasam listed among India's Water Heritage Sites.,Cumbum Tank is listed in the Ministry of Jal Shakti's 75 Water Heritage Structures identified through the Jal-Itihas initiative. The published record classifies it as a Tank in Prakasam and dates it to 1522–1524.,Water heritage; Tank; Water storage,,,
Bor Pukhuri or Sivasagar Tank,Tank,Assam,Northeast India,Sivasagar,1734,Tank heritage site in Sivasagar listed among India's Water Heritage Sites.,Bor Pukhuri or Sivasagar Tank is listed in the Ministry of Jal Shakti's 75 Water Heritage Structures identified through the Jal-Itihas initiative. The published record classifies it as a Tank in Sivasagar and dates it to 1734.,Water heritage; Tank; Water storage,,,
Jaysagar Pukhuri,Tank,Assam,Northeast India,Sivasagar,1697,Tank heritage site in Sivasagar listed among India's Water Heritage Sites.,Jaysagar Pukhuri is listed in the Ministry of Jal Shakti's 75 Water Heritage Structures identified through the Jal-Itihas initiative. The published record classifies it as a Tank in Sivasagar and dates it to 1697.,Water heritage; Tank; Water storage,,,
Gaurisagar Pukhuri,Tank,Assam,Northeast India,Sivasagar,1714–1744,Tank heritage site in Sivasagar listed among India's Water Heritage Sites.,Gaurisagar Pukhuri is listed in the Ministry of Jal Shakti's 75 Water Heritage Structures identified through the Jal-Itihas initiative. The published record classifies it as a Tank in Sivasagar and dates it to 1714–1744.,Water heritage; Tank; Water storage,,,
Lakshimpur Pukhuri,Tank,Assam,Northeast India,Darrang,17th century,Tank heritage site in Darrang listed among India's Water Heritage Sites.,Lakshimpur Pukhuri is listed in the Ministry of Jal Shakti's 75 Water Heritage Structures identified through the Jal-Itihas initiative. The published record classifies it as a Tank in Darrang and dates it to 17th century.,Water heritage; Tank; Water storage,,,
Sher Shah Suri Pond,Artificial lake,Bihar,Eastern India,Rohtas,1538,Artificial lake heritage site in Rohtas listed among India's Water Heritage Sites.,Sher Shah Suri Pond is listed in the Ministry of Jal Shakti's 75 Water Heritage Structures identified through the Jal-Itihas initiative. The published record classifies it as a Artificial lake in Rohtas and dates it to 1538.,Water heritage; Lake; Water storage,,,
Agam Kuan (Dugwell),Well,Bihar,Eastern India,Patna,273 BC,Well heritage site in Patna listed among India's Water Heritage Sites.,Agam Kuan (Dugwell) is listed in the Ministry of Jal Shakti's 75 Water Heritage Structures identified through the Jal-Itihas initiative. The published record classifies it as a Well in Patna and dates it to 273 BC.,Water heritage; Well; Groundwater,,,
Sita Bari (Dug Well),Well,Chhattisgarh,Central India,Gariaband,2nd century BC,Well heritage site in Gariaband listed among India's Water Heritage Sites.,Sita Bari (Dug Well) is listed in the Ministry of Jal Shakti's 75 Water Heritage Structures identified through the Jal-Itihas initiative. The published record classifies it as a Well in Gariaband and dates it to 2nd century BC.,Water heritage; Well; Groundwater,,,
Agrasen Ki Baoli,Stepwell,Delhi,North India,New Delhi,14th century,Stepwell heritage site in New Delhi listed among India's Water Heritage Sites.,Agrasen Ki Baoli is listed in the Ministry of Jal Shakti's 75 Water Heritage Structures identified through the Jal-Itihas initiative. The published record classifies it as a Stepwell in New Delhi and dates it to 14th century.,Water heritage; Stepwell; Traditional water system,,,
Sudarshan Talav,Artificial lake,Gujarat,Western India,Junagadh,circa 150,Artificial lake heritage site in Junagadh listed among India's Water Heritage Sites.,Sudarshan Talav is listed in the Ministry of Jal Shakti's 75 Water Heritage Structures identified through the Jal-Itihas initiative. The published record classifies it as a Artificial lake in Junagadh and dates it to circa 150.,Water heritage; Lake; Water storage,,,
Rani ki Vav,Stepwell,Gujarat,Western India,Patan,11th century,Stepwell heritage site in Patan listed among India's Water Heritage Sites.,Rani ki Vav is listed in the Ministry of Jal Shakti's 75 Water Heritage Structures identified through the Jal-Itihas initiative. The published record classifies it as a Stepwell in Patan and dates it to 11th century.,Water heritage; Stepwell; Traditional water system,,,
Lothal Docks,Others,Gujarat,Western India,Ahmedabad,circa 2000 BC,Others heritage site in Ahmedabad listed among India's Water Heritage Sites.,Lothal Docks is listed in the Ministry of Jal Shakti's 75 Water Heritage Structures identified through the Jal-Itihas initiative. The published record classifies it as a Others in Ahmedabad and dates it to circa 2000 BC.,Water heritage; Water infrastructure; Historical engineering,,,
Hamirsar Lake,Artificial lake,Gujarat,Western India,Kutch,1548–1585,Artificial lake heritage site in Kutch listed among India's Water Heritage Sites.,Hamirsar Lake is listed in the Ministry of Jal Shakti's 75 Water Heritage Structures identified through the Jal-Itihas initiative. The published record classifies it as a Artificial lake in Kutch and dates it to 1548–1585.,Water heritage; Lake; Water storage,,,
Ahmedabad System of Lakes,Artificial lake,Gujarat,Western India,Ahmedabad,1451,Artificial lake heritage site in Ahmedabad listed among India's Water Heritage Sites.,Ahmedabad System of Lakes is listed in the Ministry of Jal Shakti's 75 Water Heritage Structures identified through the Jal-Itihas initiative. The published record classifies it as a Artificial lake in Ahmedabad and dates it to 1451.,Water heritage; Lake; Water storage,,,
Bhagsu Nag Temple Waterbody,Tank,Himachal Pradesh,Himalayan India,Kangra,circa 1850,Tank heritage site in Kangra listed among India's Water Heritage Sites.,Bhagsu Nag Temple Waterbody is listed in the Ministry of Jal Shakti's 75 Water Heritage Structures identified through the Jal-Itihas initiative. The published record classifies it as a Tank in Kangra and dates it to circa 1850.,Water heritage; Tank; Water storage,,,
Surajkund,Stepwell,Haryana,North India,Faridabad,10th century,Stepwell heritage site in Faridabad listed among India's Water Heritage Sites.,Surajkund is listed in the Ministry of Jal Shakti's 75 Water Heritage Structures identified through the Jal-Itihas initiative. The published record classifies it as a Stepwell in Faridabad and dates it to 10th century.,Water heritage; Stepwell; Traditional water system,,,
Western Yamuna Canal,Others,Haryana,North India,Yamunanagar,"1335, 1640, 1817",Others heritage site in Yamunanagar listed among India's Water Heritage Sites.,"Western Yamuna Canal is listed in the Ministry of Jal Shakti's 75 Water Heritage Structures identified through the Jal-Itihas initiative. The published record classifies it as a Others in Yamunanagar and dates it to 1335, 1640, 1817.",Water heritage; Water infrastructure; Historical engineering,,,
Solah Rahi,Tank,Haryana,North India,Rewari,1650,Tank heritage site in Rewari listed among India's Water Heritage Sites.,Solah Rahi is listed in the Ministry of Jal Shakti's 75 Water Heritage Structures identified through the Jal-Itihas initiative. The published record classifies it as a Tank in Rewari and dates it to 1650.,Water heritage; Tank; Water storage,,,
Topchanchi Lake,Artificial lake,Jharkhand,Eastern India,Dhanbad,1915–1924,Artificial lake heritage site in Dhanbad listed among India's Water Heritage Sites.,Topchanchi Lake is listed in the Ministry of Jal Shakti's 75 Water Heritage Structures identified through the Jal-Itihas initiative. The published record classifies it as a Artificial lake in Dhanbad and dates it to 1915–1924.,Water heritage; Lake; Water storage,,,
Ancient Temple Laduv / Ladhoo (Sanyasar Nag),Others,Jammu and Kashmir,Himalayan India,Pulwama,8th century,Others heritage site in Pulwama listed among India's Water Heritage Sites.,Ancient Temple Laduv / Ladhoo (Sanyasar Nag) is listed in the Ministry of Jal Shakti's 75 Water Heritage Structures identified through the Jal-Itihas initiative. The published record classifies it as a Others in Pulwama and dates it to 8th century.,Water heritage; Water infrastructure; Historical engineering,,,
Stepwell at Durga Temple Complex Aihole,Stepwell,Karnataka,South India,Bagalkot,6th–12th century,Stepwell heritage site in Bagalkot listed among India's Water Heritage Sites.,Stepwell at Durga Temple Complex Aihole is listed in the Ministry of Jal Shakti's 75 Water Heritage Structures identified through the Jal-Itihas initiative. The published record classifies it as a Stepwell in Bagalkot and dates it to 6th–12th century.,Water heritage; Stepwell; Traditional water system,,,
The Cascading Tank Ecosystem of Karnataka: Cholanakunte / Suddakunte,Tank,Karnataka,South India,Kolar,1150,Tank heritage site in Kolar listed among India's Water Heritage Sites.,The Cascading Tank Ecosystem of Karnataka: Cholanakunte / Suddakunte is listed in the Ministry of Jal Shakti's 75 Water Heritage Structures identified through the Jal-Itihas initiative. The published record classifies it as a Tank in Kolar and dates it to 1150.,Water heritage; Tank; Water storage,,,
New Madaga Tank,Tank,Karnataka,South India,Chikkamagaluru,500 years old,Tank heritage site in Chikkamagaluru listed among India's Water Heritage Sites.,New Madaga Tank is listed in the Ministry of Jal Shakti's 75 Water Heritage Structures identified through the Jal-Itihas initiative. The published record classifies it as a Tank in Chikkamagaluru and dates it to 500 years old.,Water heritage; Tank; Water storage,,,
Vijayanagar Canal System,Dam,Karnataka,South India,Ballari,1600,Dam heritage site in Ballari listed among India's Water Heritage Sites.,Vijayanagar Canal System is listed in the Ministry of Jal Shakti's 75 Water Heritage Structures identified through the Jal-Itihas initiative. The published record classifies it as a Dam in Ballari and dates it to 1600.,Water heritage; Dam; Water management,,,
"First Piped Water Supply System for Bengaluru – Hesaraghatta Lake, Syphon, Brick Aqueduct and Pumping Stations",Tank,Karnataka,South India,Bengaluru Urban,1894,Tank heritage site in Bengaluru Urban listed among India's Water Heritage Sites.,"First Piped Water Supply System for Bengaluru – Hesaraghatta Lake, Syphon, Brick Aqueduct and Pumping Stations is listed in the Ministry of Jal Shakti's 75 Water Heritage Structures identified through the Jal-Itihas initiative. The published record classifies it as a Tank in Bengaluru Urban and dates it to 1894.",Water heritage; Tank; Water storage,,,
Kerala Waterways,Others,Kerala,Southwest India,Ernakulam,19th century onwards,Others heritage site in Ernakulam listed among India's Water Heritage Sites.,Kerala Waterways is listed in the Ministry of Jal Shakti's 75 Water Heritage Structures identified through the Jal-Itihas initiative. The published record classifies it as a Others in Ernakulam and dates it to 19th century onwards.,Water heritage; Water infrastructure; Historical engineering,,,
Peralassery Subramania Temple,Stepwell,Kerala,Southwest India,Kannur,,Stepwell heritage site in Kannur listed among India's Water Heritage Sites.,Peralassery Subramania Temple is listed in the Ministry of Jal Shakti's 75 Water Heritage Structures identified through the Jal-Itihas initiative. The published record classifies it as a Stepwell in Kannur and dates it to an unspecified historical period.,Water heritage; Stepwell; Traditional water system,,,
Karzu Zing (Pond),Artificial lake,Ladakh,Trans-Himalaya,Leh,1909,Artificial lake heritage site in Leh listed among India's Water Heritage Sites.,Karzu Zing (Pond) is listed in the Ministry of Jal Shakti's 75 Water Heritage Structures identified through the Jal-Itihas initiative. The published record classifies it as a Artificial lake in Leh and dates it to 1909.,Water heritage; Lake; Water storage,,,
Raigad Fort,Tank,Maharashtra,Western India,Raigad,1030 and additions in 17th century,Tank heritage site in Raigad listed among India's Water Heritage Sites.,Raigad Fort is listed in the Ministry of Jal Shakti's 75 Water Heritage Structures identified through the Jal-Itihas initiative. The published record classifies it as a Tank in Raigad and dates it to 1030 and additions in 17th century.,Water heritage; Tank; Water storage,,,
Dhamapur Lake,Artificial lake,Maharashtra,Western India,Sindhudurg,1530,Artificial lake heritage site in Sindhudurg listed among India's Water Heritage Sites.,Dhamapur Lake is listed in the Ministry of Jal Shakti's 75 Water Heritage Structures identified through the Jal-Itihas initiative. The published record classifies it as a Artificial lake in Sindhudurg and dates it to 1530.,Water heritage; Lake; Water storage,,,
Baramotichi Vihir,Stepwell,Maharashtra,Western India,Satara,1646,Stepwell heritage site in Satara listed among India's Water Heritage Sites.,Baramotichi Vihir is listed in the Ministry of Jal Shakti's 75 Water Heritage Structures identified through the Jal-Itihas initiative. The published record classifies it as a Stepwell in Satara and dates it to 1646.,Water heritage; Stepwell; Traditional water system,,,
Nehers of Aurangabad – Neher-e-Ambari and Neher-e-Panchakki,Others,Maharashtra,Western India,Aurangabad,1612 / 1695,Others heritage site in Aurangabad listed among India's Water Heritage Sites.,Nehers of Aurangabad – Neher-e-Ambari and Neher-e-Panchakki is listed in the Ministry of Jal Shakti's 75 Water Heritage Structures identified through the Jal-Itihas initiative. The published record classifies it as a Others in Aurangabad and dates it to 1612 / 1695.,Water heritage; Water infrastructure; Historical engineering,,,
Bamboo Drip Irrigation,Water system,Meghalaya,Northeast India,West Jaintia Hills,Not available; century-old tradition,Water system heritage site in West Jaintia Hills listed among India's Water Heritage Sites.,Bamboo Drip Irrigation is listed in the Ministry of Jal Shakti's 75 Water Heritage Structures identified through the Jal-Itihas initiative. The published record classifies it as a Water system in West Jaintia Hills and dates it to Not available; century-old tradition.,Water heritage; Water system; Traditional water management,,,
Kangla Moats,Others,Manipur,Northeast India,Imphal West,1652–1666,Others heritage site in Imphal West listed among India's Water Heritage Sites.,Kangla Moats is listed in the Ministry of Jal Shakti's 75 Water Heritage Structures identified through the Jal-Itihas initiative. The published record classifies it as a Others in Imphal West and dates it to 1652–1666.,Water heritage; Water infrastructure; Historical engineering,,,
Tank System of Bundelkhand,Tank,Madhya Pradesh,Central India,"Chhattarpur, Mahoba, Panna",Early medieval period,"Tank heritage site in Chhattarpur, Mahoba, Panna listed among India's Water Heritage Sites.","Tank System of Bundelkhand is listed in the Ministry of Jal Shakti's 75 Water Heritage Structures identified through the Jal-Itihas initiative. The published record classifies it as a Tank in Chhattarpur, Mahoba, Panna and dates it to Early medieval period.",Water heritage; Tank; Water storage,,,
Mandu (Malwa Plateau) System of Water Collection,Tank,Madhya Pradesh,Central India,Dhar,15th century,Tank heritage site in Dhar listed among India's Water Heritage Sites.,Mandu (Malwa Plateau) System of Water Collection is listed in the Ministry of Jal Shakti's 75 Water Heritage Structures identified through the Jal-Itihas initiative. The published record classifies it as a Tank in Dhar and dates it to 15th century.,Water heritage; Tank; Water storage,,,
Khooni Bhandara,Tank,Madhya Pradesh,Central India,Burhanpur,1615,Tank heritage site in Burhanpur listed among India's Water Heritage Sites.,Khooni Bhandara is listed in the Ministry of Jal Shakti's 75 Water Heritage Structures identified through the Jal-Itihas initiative. The published record classifies it as a Tank in Burhanpur and dates it to 1615.,Water heritage; Tank; Water storage,,,
Chandeva Ki Bawadi,Stepwell,Madhya Pradesh,Central India,Datia,1618,Stepwell heritage site in Datia listed among India's Water Heritage Sites.,Chandeva Ki Bawadi is listed in the Ministry of Jal Shakti's 75 Water Heritage Structures identified through the Jal-Itihas initiative. The published record classifies it as a Stepwell in Datia and dates it to 1618.,Water heritage; Stepwell; Traditional water system,,,
Mahal Gulara,Dam,Madhya Pradesh,Central India,Burhanpur,1627–1658,Dam heritage site in Burhanpur listed among India's Water Heritage Sites.,Mahal Gulara is listed in the Ministry of Jal Shakti's 75 Water Heritage Structures identified through the Jal-Itihas initiative. The published record classifies it as a Dam in Burhanpur and dates it to 1627–1658.,Water heritage; Dam; Water management,,,
Upper Lake,Artificial lake,Madhya Pradesh,Central India,Bhopal,1005–1055,Artificial lake heritage site in Bhopal listed among India's Water Heritage Sites.,Upper Lake is listed in the Ministry of Jal Shakti's 75 Water Heritage Structures identified through the Jal-Itihas initiative. The published record classifies it as a Artificial lake in Bhopal and dates it to 1005–1055.,Water heritage; Lake; Water storage,,,
Saptui Water Point,Water system,Mizoram,Northeast India,Lunglei,1903,Water system heritage site in Lunglei listed among India's Water Heritage Sites.,Saptui Water Point is listed in the Ministry of Jal Shakti's 75 Water Heritage Structures identified through the Jal-Itihas initiative. The published record classifies it as a Water system in Lunglei and dates it to 1903.,Water heritage; Water system; Traditional water management,,,
Rushikulya Irrigation System,Water system,Odisha,Eastern India,Ganjam,1891–1896,Water system heritage site in Ganjam listed among India's Water Heritage Sites.,Rushikulya Irrigation System is listed in the Ministry of Jal Shakti's 75 Water Heritage Structures identified through the Jal-Itihas initiative. The published record classifies it as a Water system in Ganjam and dates it to 1891–1896.,Water heritage; Water system; Traditional water management,,,
Baitarani Irrigation Project,Water system,Odisha,Eastern India,Jajpur / Bhadrak,1871–1878,Water system heritage site in Jajpur / Bhadrak listed among India's Water Heritage Sites.,Baitarani Irrigation Project is listed in the Ministry of Jal Shakti's 75 Water Heritage Structures identified through the Jal-Itihas initiative. The published record classifies it as a Water system in Jajpur / Bhadrak and dates it to 1871–1878.,Water heritage; Water system; Traditional water management,,,
Aam Khas Bagh (Daulat Khana-i-khas),Water system,Punjab,North India,Fatehgarh Sahib,1634,Water system heritage site in Fatehgarh Sahib listed among India's Water Heritage Sites.,Aam Khas Bagh (Daulat Khana-i-khas) is listed in the Ministry of Jal Shakti's 75 Water Heritage Structures identified through the Jal-Itihas initiative. The published record classifies it as a Water system in Fatehgarh Sahib and dates it to 1634.,Water heritage; Water system; Traditional water management,,,
Bahour Irrigation Tank,Tank,Puducherry,South India,Puducherry,10th century,Tank heritage site in Puducherry listed among India's Water Heritage Sites.,Bahour Irrigation Tank is listed in the Ministry of Jal Shakti's 75 Water Heritage Structures identified through the Jal-Itihas initiative. The published record classifies it as a Tank in Puducherry and dates it to 10th century.,Water heritage; Tank; Water storage,,,
Ajmer Lake / Ana Sagar Lake,Artificial lake,Rajasthan,Northwest India,Ajmer,1135–1150,Artificial lake heritage site in Ajmer listed among India's Water Heritage Sites.,Ajmer Lake / Ana Sagar Lake is listed in the Ministry of Jal Shakti's 75 Water Heritage Structures identified through the Jal-Itihas initiative. The published record classifies it as a Artificial lake in Ajmer and dates it to 1135–1150.,Water heritage; Lake; Water storage,,,
Rajsamand Lake and Dam,Artificial lake,Rajasthan,Northwest India,Rajsamand,1676,Artificial lake heritage site in Rajsamand listed among India's Water Heritage Sites.,Rajsamand Lake and Dam is listed in the Ministry of Jal Shakti's 75 Water Heritage Structures identified through the Jal-Itihas initiative. The published record classifies it as a Artificial lake in Rajsamand and dates it to 1676.,Water heritage; Lake; Water storage,,,
Udaipur Lake System,Artificial lake,Rajasthan,Northwest India,Udaipur,1382–1887,Artificial lake heritage site in Udaipur listed among India's Water Heritage Sites.,Udaipur Lake System is listed in the Ministry of Jal Shakti's 75 Water Heritage Structures identified through the Jal-Itihas initiative. The published record classifies it as a Artificial lake in Udaipur and dates it to 1382–1887.,Water heritage; Lake; Water storage,,,
Toorji Ki Bawari,Stepwell,Rajasthan,Northwest India,Jodhpur,1740,Stepwell heritage site in Jodhpur listed among India's Water Heritage Sites.,Toorji Ki Bawari is listed in the Ministry of Jal Shakti's 75 Water Heritage Structures identified through the Jal-Itihas initiative. The published record classifies it as a Stepwell in Jodhpur and dates it to 1740.,Water heritage; Stepwell; Traditional water system,,,
Chand Baori,Stepwell,Rajasthan,Northwest India,Dausa,9th century,Stepwell heritage site in Dausa listed among India's Water Heritage Sites.,Chand Baori is listed in the Ministry of Jal Shakti's 75 Water Heritage Structures identified through the Jal-Itihas initiative. The published record classifies it as a Stepwell in Dausa and dates it to 9th century.,Water heritage; Stepwell; Traditional water system,,,
Gadisar Lake System,Artificial lake,Rajasthan,Northwest India,Jaisalmer,1367,Artificial lake heritage site in Jaisalmer listed among India's Water Heritage Sites.,Gadisar Lake System is listed in the Ministry of Jal Shakti's 75 Water Heritage Structures identified through the Jal-Itihas initiative. The published record classifies it as a Artificial lake in Jaisalmer and dates it to 1367.,Water heritage; Lake; Water storage,,,
Kaylana Lake and Takhat Sagar Lake,Artificial lake,Rajasthan,Northwest India,Jodhpur,1872,Artificial lake heritage site in Jodhpur listed among India's Water Heritage Sites.,Kaylana Lake and Takhat Sagar Lake is listed in the Ministry of Jal Shakti's 75 Water Heritage Structures identified through the Jal-Itihas initiative. The published record classifies it as a Artificial lake in Jodhpur and dates it to 1872.,Water heritage; Lake; Water storage,,,
Lower Anicut,Dam,Tamil Nadu,South India,Thanjavur,1827–1836,Dam heritage site in Thanjavur listed among India's Water Heritage Sites.,Lower Anicut is listed in the Ministry of Jal Shakti's 75 Water Heritage Structures identified through the Jal-Itihas initiative. The published record classifies it as a Dam in Thanjavur and dates it to 1827–1836.,Water heritage; Dam; Water management,,,
Vandiyur Mariamman Teppakulam,Tank,Tamil Nadu,South India,Madurai,1635,Tank heritage site in Madurai listed among India's Water Heritage Sites.,Vandiyur Mariamman Teppakulam is listed in the Ministry of Jal Shakti's 75 Water Heritage Structures identified through the Jal-Itihas initiative. The published record classifies it as a Tank in Madurai and dates it to 1635.,Water heritage; Tank; Water storage,,,
Buckingham Canal (Kommamur Canal),Others,Tamil Nadu,South India,Chennai,1806 / 1837 / 1877–78,Others heritage site in Chennai listed among India's Water Heritage Sites.,Buckingham Canal (Kommamur Canal) is listed in the Ministry of Jal Shakti's 75 Water Heritage Structures identified through the Jal-Itihas initiative. The published record classifies it as a Others in Chennai and dates it to 1806 / 1837 / 1877–78.,Water heritage; Water infrastructure; Historical engineering,,,
Grand Anicut on the Kaveri,Dam,Tamil Nadu,South India,Thanjavur,100 BC–100 CE,Dam heritage site in Thanjavur listed among India's Water Heritage Sites.,Grand Anicut on the Kaveri is listed in the Ministry of Jal Shakti's 75 Water Heritage Structures identified through the Jal-Itihas initiative. The published record classifies it as a Dam in Thanjavur and dates it to 100 BC–100 CE.,Water heritage; Dam; Water management,,,
Noyyal River System Tanks,Tank,Tamil Nadu,South India,Coimbatore,Unknown,Tank heritage site in Coimbatore listed among India's Water Heritage Sites.,Noyyal River System Tanks is listed in the Ministry of Jal Shakti's 75 Water Heritage Structures identified through the Jal-Itihas initiative. The published record classifies it as a Tank in Coimbatore and dates it to Unknown.,Water heritage; Tank; Water storage,,,
Veeranam Tank,Tank,Tamil Nadu,South India,Cuddalore,9th century,Tank heritage site in Cuddalore listed among India's Water Heritage Sites.,Veeranam Tank is listed in the Ministry of Jal Shakti's 75 Water Heritage Structures identified through the Jal-Itihas initiative. The published record classifies it as a Tank in Cuddalore and dates it to 9th century.,Water heritage; Tank; Water storage,,,
Kalingarayan Anicut,Dam,Tamil Nadu,South India,Erode,About 740 years old,Dam heritage site in Erode listed among India's Water Heritage Sites.,Kalingarayan Anicut is listed in the Ministry of Jal Shakti's 75 Water Heritage Structures identified through the Jal-Itihas initiative. The published record classifies it as a Dam in Erode and dates it to About 740 years old.,Water heritage; Dam; Water management,,,
Kamalasagar Dighi with Temple,Artificial lake,Tripura,Northeast India,Sipahijala,14th century,Artificial lake heritage site in Sipahijala listed among India's Water Heritage Sites.,Kamalasagar Dighi with Temple is listed in the Ministry of Jal Shakti's 75 Water Heritage Structures identified through the Jal-Itihas initiative. The published record classifies it as a Artificial lake in Sipahijala and dates it to 14th century.,Water heritage; Lake; Water storage,,,
Hussain Sagar Lake (Tank Bund),Artificial lake,Telangana,South India,Hyderabad,1563,Artificial lake heritage site in Hyderabad listed among India's Water Heritage Sites.,Hussain Sagar Lake (Tank Bund) is listed in the Ministry of Jal Shakti's 75 Water Heritage Structures identified through the Jal-Itihas initiative. The published record classifies it as a Artificial lake in Hyderabad and dates it to 1563.,Water heritage; Lake; Water storage,,,
Sadarmatt Anicut,Water system,Telangana,South India,Nirmal,1891–1892,Water system heritage site in Nirmal listed among India's Water Heritage Sites.,Sadarmatt Anicut is listed in the Ministry of Jal Shakti's 75 Water Heritage Structures identified through the Jal-Itihas initiative. The published record classifies it as a Water system in Nirmal and dates it to 1891–1892.,Water heritage; Water system; Traditional water management,,,
Golconda Fort Water Systems,Tank,Telangana,South India,Hyderabad,11th century onwards,Tank heritage site in Hyderabad listed among India's Water Heritage Sites.,Golconda Fort Water Systems is listed in the Ministry of Jal Shakti's 75 Water Heritage Structures identified through the Jal-Itihas initiative. The published record classifies it as a Tank in Hyderabad and dates it to 11th century onwards.,Water heritage; Tank; Water storage,,,
Kakatiya Interconnected Tank System,Tank,Telangana,South India,Telangana / Hyderabad region,,Tank heritage site in Telangana / Hyderabad region listed among India's Water Heritage Sites.,Kakatiya Interconnected Tank System is listed in the Ministry of Jal Shakti's 75 Water Heritage Structures identified through the Jal-Itihas initiative. The published record classifies it as a Tank in Telangana / Hyderabad region and dates it to an unspecified historical period.,Water heritage; Tank; Water storage,,,
Solani Aqueduct,Others,Uttarakhand,Himalayan India,Haridwar,1846–1856,Others heritage site in Haridwar listed among India's Water Heritage Sites.,Solani Aqueduct is listed in the Ministry of Jal Shakti's 75 Water Heritage Structures identified through the Jal-Itihas initiative. The published record classifies it as a Others in Haridwar and dates it to 1846–1856.,Water heritage; Water infrastructure; Historical engineering,,,
Naula or Covered Spring Attached to Temples,Water system,Uttarakhand,Himalayan India,Pithoragarh,circa 10th century,Water system heritage site in Pithoragarh listed among India's Water Heritage Sites.,Naula or Covered Spring Attached to Temples is listed in the Ministry of Jal Shakti's 75 Water Heritage Structures identified through the Jal-Itihas initiative. The published record classifies it as a Water system in Pithoragarh and dates it to circa 10th century.,Water heritage; Water system; Traditional water management,,,
Shukla Talab,Artificial lake,Uttar Pradesh,North India,Kanpur Dehat,1578,Artificial lake heritage site in Kanpur Dehat listed among India's Water Heritage Sites.,Shukla Talab is listed in the Ministry of Jal Shakti's 75 Water Heritage Structures identified through the Jal-Itihas initiative. The published record classifies it as a Artificial lake in Kanpur Dehat and dates it to 1578.,Water heritage; Lake; Water storage,,,
Barua Sagar,Artificial lake,Uttar Pradesh,North India,Jhansi,1694,Artificial lake heritage site in Jhansi listed among India's Water Heritage Sites.,Barua Sagar is listed in the Ministry of Jal Shakti's 75 Water Heritage Structures identified through the Jal-Itihas initiative. The published record classifies it as a Artificial lake in Jhansi and dates it to 1694.,Water heritage; Lake; Water storage,,,
Nadrai Pul,Others,Uttar Pradesh,North India,Kasganj,1889,Others heritage site in Kasganj listed among India's Water Heritage Sites.,Nadrai Pul is listed in the Ministry of Jal Shakti's 75 Water Heritage Structures identified through the Jal-Itihas initiative. The published record classifies it as a Others in Kasganj and dates it to 1889.,Water heritage; Water infrastructure; Historical engineering,,,
Sringaverapura,Tank,Uttar Pradesh,North India,Prayagraj,1st century BCE,Tank heritage site in Prayagraj listed among India's Water Heritage Sites.,Sringaverapura is listed in the Ministry of Jal Shakti's 75 Water Heritage Structures identified through the Jal-Itihas initiative. The published record classifies it as a Tank in Prayagraj and dates it to 1st century BCE.,Water heritage; Tank; Water storage,,,
Midnapore Anicut,Dam,West Bengal,Eastern India,Paschim Medinipur,1871,Dam heritage site in Paschim Medinipur listed among India's Water Heritage Sites.,Midnapore Anicut is listed in the Ministry of Jal Shakti's 75 Water Heritage Structures identified through the Jal-Itihas initiative. The published record classifies it as a Dam in Paschim Medinipur and dates it to 1871.,Water heritage; Dam; Water management,,,
Adalaj Vav,Stepwell,Gujarat,Western India,"Adalaj, Gandhinagar",15th century,"Five-storeyed stepwell combining water storage, shaded access and Indo-Islamic/Hindu architectural traditions.",Adalaj Vav is a subterranean water structure reached through multiple flights of steps. Its galleries and openings create shade and ventilation while providing access to water at different levels.,Stepwell; Rainwater harvesting; Groundwater; Architecture,23.1678,72.5801,https://commons.wikimedia.org/wiki/Category:Adalaj_Stepwell
Rajon Ki Baoli,Stepwell,Delhi,North India,"Mehrauli Archaeological Park, New Delhi",16th century,Historic Delhi stepwell restored as part of a major heritage water-system conservation initiative.,"Rajon Ki Baoli is a masonry stepwell in Mehrauli Archaeological Park. It demonstrates Delhi's historic use of stepped wells for water access and communal infrastructure; conservation work has included cleaning, desilting and structural repair.",Baoli; Stepwell; Heritage conservation; Groundwater,28.5227,77.1846,https://commons.wikimedia.org/wiki/Category:Rajon_ki_Baoli
Tanka,Underground cistern,Rajasthan,Northwest India,Bikaner and western Rajasthan,Traditional / pre-modern,Underground household or community cistern designed to store collected rainwater for dry periods.,"Tankas are underground storage chambers that collect runoff from rooftops or prepared catchments. Their enclosed form protects stored water from evaporation and contamination, making them particularly suited to arid Rajasthan.",Rainwater harvesting; Underground storage; Drinking water; Desert adaptation,28.0229,73.3119,https://commons.wikimedia.org/wiki/Category:Bikaner
Khadin,Runoff harvesting field system,Rajasthan,Northwest India,Jaisalmer and western Rajasthan,Traditional / ancient,Long earthen embankment system that captures runoff on agricultural land and supports soil-moisture storage.,"Khadin systems use low embankments across the lower slopes of arid catchments. Runoff is detained on agricultural fields, allowing moisture to infiltrate and support crop production after the rains.",Runoff harvesting; Agriculture; Soil moisture; Earthen embankment,26.9157,70.9083,https://commons.wikimedia.org/wiki/Category:Jaisalmer
Nadi,Village pond,Rajasthan,Northwest India,Western Rajasthan,Traditional,Community pond that stores seasonal runoff for livestock and local water needs.,Nadis are village-scale ponds fed mainly by local runoff during the monsoon. They represent decentralized water storage adapted to arid and semi-arid settlement patterns.,Village pond; Rainwater harvesting; Community water; Desert,27.0248,74.2179,https://commons.wikimedia.org/wiki/Category:Ponds_in_Rajasthan
Johad,Earthen check dam,Rajasthan,North India,Alwar region,Traditional,Small earthen check dam that slows runoff and promotes groundwater recharge.,"Johads intercept monsoon runoff using earthen embankments. By slowing water movement, they encourage infiltration and help replenish shallow groundwater while creating seasonal surface storage.",Check dam; Groundwater recharge; Community water; Runoff,27.553,76.6346,https://commons.wikimedia.org/wiki/Category:Water_reservoirs_in_Rajasthan
Ahar-Pyne,Reservoir and channel network,Bihar,Eastern India,South Bihar,Traditional / historic,Integrated reservoir and channel system used to capture monsoon runoff and distribute water to fields.,An ahar is a storage basin while pynes are channels that convey water from rivers or drainage paths into agricultural areas. Together they form a landscape-scale system for floodwater capture and irrigation.,Reservoir; Irrigation; Channels; Floodwater harvesting,25.0961,85.3131,https://commons.wikimedia.org/wiki/Category:Water_in_Bihar
Eri System,Irrigation tank cascade,Tamil Nadu,South India,Tamil Nadu,Ancient / traditional,Network of interconnected irrigation tanks that stores monsoon water and distributes it through a landscape.,"Eri tanks form linked storage systems in which surplus water can move from one tank to another. The network supports irrigation, groundwater recharge and flood moderation across village landscapes.",Irrigation tank; Cascade; Rainwater harvesting; Groundwater recharge,11.1271,78.6569,https://commons.wikimedia.org/wiki/Category:Irrigation_in_Tamil_Nadu
Oorani,Village drinking-water pond,Tamil Nadu,South India,Tamil Nadu villages,Traditional,Small village pond traditionally used for drinking water and local domestic needs.,"Ooranis are community water bodies, often designed to collect and retain rainwater. Their relatively localized scale made them important sources of domestic water in settlements.",Village pond; Drinking water; Rainwater harvesting; Community,11.0168,76.9558,https://commons.wikimedia.org/wiki/Category:Ponds_in_Tamil_Nadu
Kere,Village tank,Karnataka,South India,Karnataka,Traditional,"Traditional village tank used for irrigation, livestock and groundwater recharge.","Kere tanks store seasonal runoff and support agriculture and settlement water needs. In many landscapes, tanks form part of interconnected local drainage and irrigation systems.",Tank; Irrigation; Groundwater recharge; Community water,15.3173,75.7139,https://commons.wikimedia.org/wiki/Category:Lakes_of_Karnataka
Kalyani,Temple tank,Karnataka,South India,Karnataka temple settlements,Medieval / traditional,"Stepped temple water tank associated with ritual, community and water-storage functions.",Kalyanis are stepped tanks commonly associated with temples. Their masonry edges provide controlled access while the tank can collect rainwater and serve ritual and community functions.,Temple tank; Step tank; Rainwater harvesting; Cultural heritage,15.3173,75.7139,https://commons.wikimedia.org/wiki/Category:Temple_tanks_in_Karnataka
Surangam,Horizontal groundwater tunnel,Kerala,Southwest India,Kasargod and northern Kerala,Traditional,Hand-dug horizontal tunnel that intercepts groundwater in lateritic hills and conveys it by gravity.,Surangams are tunnel-like wells excavated into hill slopes. Groundwater enters through the tunnel walls and is collected or conveyed to storage without mechanical pumping.,Groundwater; Horizontal well; Gravity flow; Laterite,12.51,75.0,https://commons.wikimedia.org/wiki/Category:Water_in_Kerala
Kuhl,Gravity irrigation channel,Himachal Pradesh,Himalayan India,Himachal Pradesh,Traditional / historic,Gravity-fed mountain channel carrying water from streams to agricultural terraces and settlements.,"Traditional kuhls divert water from mountain streams and guide it along carefully graded channels. Their operation depends on local terrain knowledge, community maintenance and gravity rather than pumping.",Irrigation channel; Gravity flow; Himalayan; Community management,31.1048,77.1734,https://commons.wikimedia.org/wiki/Category:Irrigation_in_Himachal_Pradesh
Naula,Spring-fed stepped water structure,Uttarakhand,Himalayan India,Uttarakhand,Traditional / historic,Masonry spring-water structure that protects and provides access to groundwater in Himalayan settlements.,"Naulas are small, often stone-built structures developed around natural springs. The enclosed or semi-enclosed form protects the spring and provides a stable point for collecting water.",Spring; Groundwater; Stone masonry; Himalayan,30.0668,79.0193,https://commons.wikimedia.org/wiki/Category:Water_in_Uttarakhand
Zing,Glacial runoff storage tank,Ladakh,Trans-Himalaya,Ladakh villages,Traditional,Small storage reservoir that captures glacier meltwater for irrigation and domestic use.,Zings are small tanks used to store seasonal meltwater in high-altitude settlements. They help regulate short-duration glacial flows and make water available for agriculture and household needs.,Glacial meltwater; Storage; Irrigation; Ladakh,34.1526,77.5771,https://commons.wikimedia.org/wiki/Category:Water_in_Ladakh
Zabo,Integrated hill water-harvesting system,Nagaland,Northeast India,Phek district and Nagaland,Traditional,"Integrated land-and-water management system linking forested catchments, ponds, livestock areas and terraced fields.","Zabo combines watershed protection, runoff collection, livestock management and agriculture. Water is guided through the landscape so that resources are reused across different stages before reaching fields.",Watershed; Runoff harvesting; Agriculture; Indigenous knowledge,25.664,94.1086,https://commons.wikimedia.org/wiki/Category:Water_in_Nagaland
Apatani Water Management,Terraced wetland irrigation,Arunachal Pradesh,Northeast India,Ziro Valley,Traditional,Integrated terrace agriculture and water-management system using controlled water movement across paddy fields.,"The Apatani system links forests, streams, terraces and agricultural plots through carefully managed water flows. It is notable for integrating irrigation with landscape and community resource management.",Terrace irrigation; Wetland agriculture; Community management; Indigenous knowledge,27.544,93.835,https://commons.wikimedia.org/wiki/Category:Apatani
Cheruvu,Irrigation tank,Andhra Pradesh,South India,Andhra Pradesh and Telangana,Traditional / historic,Traditional tank or reservoir used to capture runoff and support irrigation and groundwater recharge.,"Cheruvus are village-scale reservoirs that capture seasonal runoff. They support irrigation and can recharge groundwater, forming part of traditional tank-based landscapes in the Deccan.",Tank; Irrigation; Runoff; Groundwater recharge,15.9129,79.74,https://commons.wikimedia.org/wiki/Category:Lakes_of_Andhra_Pradesh
Bhandara,Diversion weir,Maharashtra,Western India,Maharashtra river valleys,Traditional / historic,Small masonry or earthen diversion structure used to raise and divert river water toward fields.,Bhandaras intercept flowing water and divert it into irrigation channels. They are adapted to seasonal river flows and traditionally relied on locally available construction methods.,Diversion weir; Irrigation; River water; Maharashtra,19.7515,75.7139,https://commons.wikimedia.org/wiki/Category:Dams_in_Maharashtra
Phad System,Community diversion irrigation,Maharashtra,Western India,Dhule and Nashik region,Traditional / historic,Community-managed irrigation system that diverts river water into distributary channels serving agricultural blocks.,"The Phad system organizes river diversion, channels, field distribution and community management as a coordinated irrigation network. Water allocation and maintenance are traditionally shared among users.",Community irrigation; River diversion; Channels; Agriculture,20.9042,74.7749,https://commons.wikimedia.org/wiki/Category:Irrigation_in_Maharashtra
Ramtek Water Management,Tank and catchment system,Maharashtra,Central-West India,"Ramtek, Nagpur",Historic,Historic network of tanks and catchments associated with Ramtek's settlement and temple landscape.,"Ramtek contains a long history of water structures integrated with the terrain and built environment. Tanks and associated catchments supported settlement, ritual activities and local water security.",Tank; Catchment; Temple water; Heritage,21.395,79.329,https://commons.wikimedia.org/wiki/Category:Ramtek
Kallanai / Grand Anicut,Ancient irrigation barrage,Tamil Nadu,South India,"Kallanai, Thanjavur district",c. 2nd century CE,Ancient masonry barrage across the Cauvery designed to divert river water into irrigation channels.,Kallanai is an early large-scale river-diversion structure associated with Chola-period water engineering. Its primary role is to regulate and distribute Cauvery water to the delta irrigation network.,Barrage; River diversion; Irrigation; Ancient engineering,10.8257,79.163,https://commons.wikimedia.org/wiki/Category:Kallanai
Bhojtal / Upper Lake,Historic urban reservoir,Madhya Pradesh,Central India,Bhopal,11th century,Large historic lake created to store water and support the settlement around Bhopal.,Upper Lake is traditionally associated with King Bhoja and forms part of Bhopal's historic water landscape. Its large catchment and storage capacity have supported the city's water needs over centuries.,Reservoir; Urban water; Historic lake; Catchment,23.2599,77.329,"https://commons.wikimedia.org/wiki/Category:Upper_Lake,_Bhopal"
Chandela Tanks,Temple and irrigation tanks,Madhya Pradesh,Central India,Bundelkhand,10th–12th centuries,Historic tank-building tradition using reservoirs to capture monsoon water in a semi-arid landscape.,Chandela-era tanks were engineered to store monsoon runoff and support settlements and agriculture. Their masonry embankments and associated structures demonstrate landscape-scale water planning.,Tank; Rainwater harvesting; Irrigation; Heritage,24.8318,79.9199,https://commons.wikimedia.org/wiki/Category:Chandela_architecture
Virdas,Shallow sweet-water wells,Gujarat,Western India,Kutch,Traditional,Small wells excavated in sandy areas to collect fresh water that accumulates above saline groundwater.,"Virdas exploit local hydrogeology in arid Kutch. Fresh rainwater percolates through sand and can accumulate in a shallow freshwater lens, which is accessed through carefully dug wells.",Groundwater; Desert; Kutch; Hydrogeology,23.7337,69.8597,https://commons.wikimedia.org/wiki/Category:Kutch
Kund,Covered rainwater cistern,Rajasthan,Northwest India,Western Rajasthan,Traditional,Round or polygonal catchment and underground storage structure designed primarily for drinking-water collection.,Kunds collect runoff from a prepared catchment and guide it into a covered underground chamber. Their geometry and protected storage reduce evaporation and contamination in arid environments.,Rainwater harvesting; Cistern; Drinking water; Desert,26.9124,70.9138,https://commons.wikimedia.org/wiki/Category:Water_in_Rajasthan
Paar System,Infiltration and groundwater collection,Rajasthan,Northwest India,Western Rajasthan,Traditional,Landscape system in which rainwater percolates through sandy catchments and is later accessed through shallow wells.,"Paar systems use sandy terrain as a natural infiltration zone. Rainwater from an agar catchment percolates into the subsurface, where water can later be accessed through kuis or beris.",Groundwater recharge; Sand infiltration; Rainwater harvesting; Desert,27.0248,74.2179,https://commons.wikimedia.org/wiki/Category:Water_in_Rajasthan
Khatri,Rock-cut water storage,Himachal Pradesh,Himalayan India,Himachal Pradesh,Traditional,Rock-cut or masonry cistern used to collect and store water in the Himalayan region.,Khatris are traditional water-storage structures adapted to hill settlements and local geology. They provide protected storage where surface water availability varies seasonally.,Water storage; Rock-cut; Himalayan; Traditional technology,31.1048,77.1734,https://commons.wikimedia.org/wiki/Category:Water_in_Himachal_Pradesh
Dongs,Small diversion channels,Assam,Northeast India,Brahmaputra valley,Traditional,Traditional channels or small diversion arrangements used to convey water in Assam's riverine landscape.,Dongs are locally adapted water-conveyance structures associated with the Brahmaputra valley. They illustrate how communities used simple channels to move water for agriculture and domestic needs.,Channel; River water; Irrigation; Northeast India,26.2006,92.9376,https://commons.wikimedia.org/wiki/Category:Irrigation_in_Assam
Katas / Mundas / Bandhas,Small reservoir and embankment systems,Odisha,Eastern India,Odisha,Traditional,Traditional small reservoirs and embankments used to retain monsoon water for agriculture and local use.,These structures use earth and locally available materials to retain seasonal runoff. Their distributed form allows villages to manage water close to where it falls.,Reservoir; Embankment; Rainwater harvesting; Agriculture,20.9517,85.0985,https://commons.wikimedia.org/wiki/Category:Water_in_Odisha
Jackwell,Rainwater harvesting well,Andaman and Nicobar Islands,Islands,Great Nicobar and island settlements,Traditional / historic,Traditional well-based system adapted to high-rainfall island environments for collecting and storing freshwater.,"Jackwells are associated with traditional water collection in the islands and demonstrate adaptation to heavy rainfall, porous ground and freshwater availability constraints.",Rainwater harvesting; Well; Island water; Indigenous technology,9.15,92.75,https://commons.wikimedia.org/wiki/Category:Water_in_the_Andaman_and_Nicobar_Islands
